Metric,Baseline,Model,Improvement,Improvement %
Accuracy,0.825,0.79,-0.03499999999999992,-4.242424242424233
Precision,0.0,0.23076923076923078,0.23076923076923078,inf
Recall,0.0,0.08571428571428572,0.08571428571428572,inf
F1-Score,0.0,0.125,0.125,inf
Balanced Accuracy,0.5,0.5125541125541125,0.01255411255411254,2.510822510822508
