{
    "accuracy": 0.79,
    "precision": 0.2308,
    "recall": 0.0857,
    "f1": 0.125,
    "roc_auc": 0.5881,
    "confusion_matrix": [
        [
            155,
            10
        ],
        [
            32,
            3
        ]
    ],
    "classification_report": {
        "0": {
            "precision": 0.8288770053475936,
            "recall": 0.9393939393939394,
            "f1-score": 0.8806818181818182,
            "support": 165.0
        },
        "1": {
            "precision": 0.23076923076923078,
            "recall": 0.08571428571428572,
            "f1-score": 0.125,
            "support": 35.0
        },
        "accuracy": 0.79,
        "macro avg": {
            "precision": 0.5298231180584122,
            "recall": 0.5125541125541125,
            "f1-score": 0.5028409090909092,
            "support": 200.0
        },
        "weighted avg": {
            "precision": 0.72420814479638,
            "recall": 0.79,
            "f1-score": 0.7484375,
            "support": 200.0
        }
    }
}