{
    "dataset": {
        "rows": 1000,
        "class_distribution": {
            "0": 826,
            "1": 174
        }
    },
    "split": {
        "test_size": 0.2,
        "random_state": 42
    },
    "baseline": {
        "accuracy": 0.825,
        "precision": 0.0,
        "recall": 0.0,
        "f1": 0.0
    },
    "model": {
        "accuracy": 0.79,
        "precision": 0.23076923076923078,
        "recall": 0.08571428571428572,
        "f1": 0.125,
        "f2": 0.09803921568627451,
        "confusion_matrix": [
            [
                155,
                10
            ],
            [
                32,
                3
            ]
        ]
    },
    "cross_validation": {
        "precision": {
            "mean": 0.33121212121212124,
            "std": 0.10264343588914723
        },
        "recall": {
            "mean": 0.1222222222222222,
            "std": 0.06984126984126983
        },
        "f1": {
            "mean": 0.17526926334039877,
            "std": 0.08567502691379252
        }
    },
    "interpretation": {
        "priority_metric": "Recall",
        "reason": "False negatives (missed readmissions) are more costly than false positives",
        "recommended_threshold": "< 0.5 to improve recall",
        "recommended_single_metric": "F2-score"
    }
}